{"train_f1": 0.6091082424659059, "val_acc": 0.8034391534391534, "val_f1": 0.7010173664276336, "_runtime": 233, "_timestamp": 1630561581, "_step": 1}